{"cameraMode":{"drawMode":0,"name":"Shaded","section":"Shading Mode"},"sceneLighting":false,"audioPlay":false,"sceneViewState":{"showFog":false,"showMaterialUpdate":false,"showSkybox":false,"showFlares":false,"showImageEffects":false,"showParticleSystems":false},"in2DMode":false,"pivot":{"x":-0.008518178015947342,"y":0.24652957916259767,"z":-1.3129651546478272},"rotation":{"x":0.0966702327132225,"y":0.8807379007339478,"z":-0.20464886724948884,"w":0.4160344898700714},"size":9.47852897644043,"orthographic":false}