{"cameraMode":{"drawMode":0,"name":"Shaded","section":"Shading Mode"},"sceneLighting":false,"audioPlay":false,"sceneViewState":{"showFog":true,"showMaterialUpdate":true,"showSkybox":false,"showFlares":true,"showImageEffects":true,"showParticleSystems":true},"in2DMode":false,"pivot":{"x":19.049999237060548,"y":3.2299997806549074,"z":0.0},"rotation":{"x":0.09658202528953552,"y":0.7319653034210205,"z":-0.10613781958818436,"w":0.6660666465759277},"size":11.987781524658204,"orthographic":false}