{"cameraMode":{"drawMode":0,"name":"Shaded","section":"Shading Mode"},"sceneLighting":false,"audioPlay":false,"sceneViewState":{"showFog":false,"showMaterialUpdate":false,"showSkybox":false,"showFlares":false,"showImageEffects":false,"showParticleSystems":false},"in2DMode":false,"pivot":{"x":14.197429656982422,"y":2.1476383209228517,"z":0.4947662353515625},"rotation":{"x":0.07562002539634705,"y":0.7974212765693665,"z":-0.1022254005074501,"w":0.5898786783218384},"size":23.98548126220703,"orthographic":false}