{"cameraMode":{"drawMode":0,"name":"Shaded","section":"Shading Mode"},"sceneLighting":false,"audioPlay":false,"sceneViewState":{"showFog":true,"showMaterialUpdate":true,"showSkybox":false,"showFlares":true,"showImageEffects":true,"showParticleSystems":true},"in2DMode":false,"pivot":{"x":16.423065185546876,"y":1.363171935081482,"z":5.78574800491333},"rotation":{"x":0.07979925721883774,"y":0.2859143316745758,"z":-0.023900432512164117,"w":0.9546288251876831},"size":7.494106292724609,"orthographic":false}