{"cameraMode":{"drawMode":0,"name":"Shaded","section":"Shading Mode"},"sceneLighting":false,"audioPlay":false,"sceneViewState":{"showFog":false,"showMaterialUpdate":false,"showSkybox":false,"showFlares":false,"showImageEffects":false,"showParticleSystems":false},"in2DMode":false,"pivot":{"x":0.05999940633773804,"y":-2.086162567138672e-7,"z":0.4200019836425781},"rotation":{"x":0.15110474824905396,"y":-0.5053462386131287,"z":0.09039179980754852,"w":0.8447644114494324},"size":3.0275003910064699,"orthographic":false}