{"cameraMode":{"drawMode":0,"name":"Shaded","section":"Shading Mode"},"sceneLighting":false,"audioPlay":false,"sceneViewState":{"showFog":false,"showMaterialUpdate":false,"showSkybox":false,"showFlares":false,"showImageEffects":false,"showParticleSystems":false},"in2DMode":false,"pivot":{"x":19.049999237060548,"y":3.2300000190734865,"z":0.0},"rotation":{"x":0.0022930495906621219,"y":-0.9853336215019226,"z":0.17015445232391358,"w":0.013313612900674343},"size":0.00005631518070003949,"orthographic":false}