{"cameraMode":{"drawMode":0,"name":"Shaded","section":"Shading Mode"},"sceneLighting":false,"audioPlay":false,"sceneViewState":{"showFog":true,"showMaterialUpdate":true,"showSkybox":false,"showFlares":true,"showImageEffects":true,"showParticleSystems":true},"in2DMode":false,"pivot":{"x":-1.3339872360229493,"y":4.754573822021484,"z":1.6358232498168946},"rotation":{"x":-0.06238207221031189,"y":0.9091016054153442,"z":-0.14746560156345368,"w":-0.38457512855529787},"size":13.945430755615235,"orthographic":false}