{"cameraMode":{"drawMode":0,"name":"Shaded","section":"Shading Mode"},"sceneLighting":false,"audioPlay":false,"sceneViewState":{"showFog":false,"showMaterialUpdate":false,"showSkybox":false,"showFlares":false,"showImageEffects":false,"showParticleSystems":false},"in2DMode":false,"pivot":{"x":-0.028041839599609376,"y":4.0032196044921879,"z":-2.066420555114746},"rotation":{"x":0.03611064329743385,"y":0.9495670199394226,"z":-0.11913382261991501,"w":0.28781577944755556},"size":14.536272048950196,"orthographic":false}