{"cameraMode":{"drawMode":0,"name":"Shaded","section":"Shading Mode"},"sceneLighting":false,"audioPlay":false,"sceneViewState":{"showFog":false,"showMaterialUpdate":false,"showSkybox":false,"showFlares":false,"showImageEffects":false,"showParticleSystems":false},"in2DMode":false,"pivot":{"x":68.7693099975586,"y":2.1136274337768556,"z":24.425922393798829},"rotation":{"x":0.407180517911911,"y":0.14826570451259614,"z":-0.06717357784509659,"w":0.8987287282943726},"size":7.144710063934326,"orthographic":false}