{"cameraMode":{"drawMode":0,"name":"Shaded","section":"Shading Mode"},"sceneLighting":false,"audioPlay":false,"sceneViewState":{"showFog":false,"showMaterialUpdate":false,"showSkybox":false,"showFlares":false,"showImageEffects":false,"showParticleSystems":false},"in2DMode":false,"pivot":{"x":0.5900700092315674,"y":1.9745999574661255,"z":-1.9178999662399293},"rotation":{"x":-0.20766885578632356,"y":-0.48161932826042178,"z":0.11862784624099732,"w":-0.8431342840194702},"size":22.0,"orthographic":false}