{"cameraMode":{"drawMode":0,"name":"Shaded","section":"Shading Mode"},"sceneLighting":false,"audioPlay":false,"sceneViewState":{"showFog":false,"showMaterialUpdate":false,"showSkybox":false,"showFlares":false,"showImageEffects":false,"showParticleSystems":false},"in2DMode":false,"pivot":{"x":60.68281555175781,"y":2.1199989318847658,"z":-16.6029109954834},"rotation":{"x":-0.040897954255342486,"y":0.9059224128723145,"z":-0.08998029679059982,"w":-0.4117553234100342},"size":1.7147274017333985,"orthographic":false}