{"cameraMode":{"drawMode":0,"name":"Shaded","section":"Shading Mode"},"sceneLighting":false,"audioPlay":false,"sceneViewState":{"showFog":false,"showMaterialUpdate":false,"showSkybox":false,"showFlares":false,"showImageEffects":false,"showParticleSystems":false},"in2DMode":false,"pivot":{"x":-3.3696889877319338,"y":-0.8118896484375,"z":-0.05188941955566406},"rotation":{"x":0.07586172968149185,"y":-0.9135326147079468,"z":0.2004498839378357,"w":0.3457309305667877},"size":15.847079277038575,"orthographic":false}