{"cameraMode":{"drawMode":0,"name":"Shaded","section":"Shading Mode"},"sceneLighting":false,"audioPlay":false,"sceneViewState":{"showFog":false,"showMaterialUpdate":false,"showSkybox":false,"showFlares":false,"showImageEffects":false,"showParticleSystems":false},"in2DMode":false,"pivot":{"x":-1.1920928955078126e-7,"y":2.196598529815674,"z":0.21492862701416017},"rotation":{"x":0.07562002539634705,"y":0.7974212765693665,"z":-0.1022254005074501,"w":0.5898786783218384},"size":9.037064552307129,"orthographic":false}