{"cameraMode":{"drawMode":0,"name":"Shaded","section":"Shading Mode"},"sceneLighting":false,"audioPlay":false,"sceneViewState":{"showFog":false,"showMaterialUpdate":false,"showSkybox":false,"showFlares":false,"showImageEffects":false,"showParticleSystems":false},"in2DMode":false,"pivot":{"x":12.426198959350586,"y":-3.680540084838867,"z":5.664499282836914},"rotation":{"x":0.030250050127506257,"y":-0.9396500587463379,"z":-0.08622007817029953,"w":-0.3297383189201355},"size":38.22004318237305,"orthographic":false}