{"cameraMode":{"drawMode":0,"name":"Shaded","section":"Shading Mode"},"sceneLighting":false,"audioPlay":false,"sceneViewState":{"showFog":false,"showMaterialUpdate":false,"showSkybox":false,"showFlares":false,"showImageEffects":false,"showParticleSystems":false},"in2DMode":false,"pivot":{"x":19.289140701293947,"y":1.2411539554595948,"z":-0.6723103523254395},"rotation":{"x":0.2837866246700287,"y":0.12753163278102876,"z":-0.03811103105545044,"w":0.949607789516449},"size":6.656920433044434,"orthographic":false}