{"cameraMode":{"drawMode":0,"name":"Shaded","section":"Shading Mode"},"sceneLighting":false,"audioPlay":false,"sceneViewState":{"showFog":false,"showMaterialUpdate":false,"showSkybox":false,"showFlares":false,"showImageEffects":false,"showParticleSystems":false},"in2DMode":false,"pivot":{"x":-0.6499996185302734,"y":2.728360176086426,"z":0.33631467819213869},"rotation":{"x":0.052870526909828189,"y":-0.8978376388549805,"z":0.11236120015382767,"w":0.42246100306510928},"size":8.249755859375,"orthographic":false}